exp,run_id,scenario,scheme,mode,batch,zipf_s,ep_size,total_tokens,konig_us,rtt_us,barrier_us,cct_us,step_us,throughput_GBs,lat_mean,lat_p50,lat_p99,hot_p99,cold_p99,hot_mean,cold_mean,roundtrip_step_us,hist_path
exp1_dispatch,s1_packet_spray_b1024_z0.3_ep0_sd1,1,packet_spray,dispatch,1024,0.3,128,1048576,436.38784,0.0,2.0,578.42088,580.42088,12994.331685,222.60556,160.0964,363.95432,537.1332,247.97608,283.613279,198.746067,,/home/luke/workspace/dyn_latency/results/ub_rg/exp1_dispatch/s1_packet_spray_b1024_z0.3_ep0_sd1/hist.csv
exp1_dispatch,s1_packet_spray_b1024_z0.7_ep0_sd1,1,packet_spray,dispatch,1024,0.7,128,1048576,1281.35168,0.0,2.0,1418.65384,1420.65384,5298.116113,299.512658,165.114,898.83048,902.41448,211.27592,478.576842,177.302831,,/home/luke/workspace/dyn_latency/results/ub_rg/exp1_dispatch/s1_packet_spray_b1024_z0.7_ep0_sd1/hist.csv
exp1_dispatch,s1_packet_spray_b1024_z0.9_ep0_sd1,1,packet_spray,dispatch,1024,0.9,128,1048576,1781.10464,0.0,2.0,1915.25288,1917.25288,3924.386616,382.444756,172.42536,1323.17608,1331.06088,207.97864,607.816877,167.687195,,/home/luke/workspace/dyn_latency/results/ub_rg/exp1_dispatch/s1_packet_spray_b1024_z0.9_ep0_sd1/hist.csv
exp1_dispatch,s1_packet_spray_b1024_z0_ep0_sd1,1,packet_spray,dispatch,1024,0.0,128,1048576,161.28,0.0,2.0,302.59624,304.59624,24839.015739,213.861888,159.95304,283.81608,289.8372,278.08168,214.414464,213.803923,,/home/luke/workspace/dyn_latency/results/ub_rg/exp1_dispatch/s1_packet_spray_b1024_z0_ep0_sd1/hist.csv
exp1_dispatch,s1_packet_spray_b16_z0.3_ep0_sd1,1,packet_spray,dispatch,16,0.3,128,16384,7.8848,0.0,2.0,9.85512,11.85512,11916.700355,3.370504,3.26056,7.13128,8.42152,4.83752,4.357414,2.985577,,/home/luke/workspace/dyn_latency/results/ub_rg/exp1_dispatch/s1_packet_spray_b16_z0.3_ep0_sd1/hist.csv
exp1_dispatch,s1_packet_spray_b16_z0.7_ep0_sd1,1,packet_spray,dispatch,16,0.7,128,16384,20.7872,0.0,2.0,22.90088,24.90088,5128.209571,4.589492,3.40392,19.03016,21.0372,4.12072,7.442188,2.622894,,/home/luke/workspace/dyn_latency/results/ub_rg/exp1_dispatch/s1_packet_spray_b16_z0.7_ep0_sd1/hist.csv
exp1_dispatch,s1_packet_spray_b16_z0.9_ep0_sd1,1,packet_spray,dispatch,16,0.9,128,16384,28.95872,0.0,2.0,30.78568,32.78568,3814.77726,5.871,3.69064,26.34152,28.2052,3.69064,9.423562,2.419845,,/home/luke/workspace/dyn_latency/results/ub_rg/exp1_dispatch/s1_packet_spray_b16_z0.9_ep0_sd1/hist.csv
exp1_dispatch,s1_packet_spray_b16_z0_ep0_sd1,1,packet_spray,dispatch,16,0.0,128,16384,4.15744,0.0,2.0,6.41448,8.41448,18308.656664,3.224877,3.26056,5.2676,5.12424,5.2676,3.219139,3.237687,,/home/luke/workspace/dyn_latency/results/ub_rg/exp1_dispatch/s1_packet_spray_b16_z0_ep0_sd1/hist.csv
exp1_dispatch,s1_packet_spray_b256_z0.3_ep0_sd1,1,packet_spray,dispatch,256,0.3,128,262144,116.26496,0.0,2.0,150.34792,152.34792,12497.999254,54.556488,48.70568,94.72424,133.86152,65.90888,70.267091,48.493437,,/home/luke/workspace/dyn_latency/results/ub_rg/exp1_dispatch/s1_packet_spray_b256_z0.3_ep0_sd1/hist.csv
exp1_dispatch,s1_packet_spray_b256_z0.7_ep0_sd1,1,packet_spray,dispatch,256,0.7,128,262144,333.16864,0.0,2.0,367.39496,369.39496,5114.518152,74.009078,49.56584,244.39208,335.85576,56.59048,119.482767,43.106022,,/home/luke/workspace/dyn_latency/results/ub_rg/exp1_dispatch/s1_packet_spray_b256_z0.7_ep0_sd1/hist.csv
exp1_dispatch,s1_packet_spray_b256_z0.9_ep0_sd1,1,packet_spray,dispatch,256,0.9,128,262144,459.89888,0.0,2.0,494.26856,496.26856,3801.674523,94.738607,53.2932,341.01672,454.98792,52.00296,151.735408,40.553127,,/home/luke/workspace/dyn_latency/results/ub_rg/exp1_dispatch/s1_packet_spray_b256_z0.9_ep0_sd1/hist.csv
exp1_dispatch,s1_packet_spray_b256_z0_ep0_sd1,1,packet_spray,dispatch,256,0.0,128,262144,44.87168,0.0,2.0,79.8148,81.8148,23542.603527,52.348766,48.70568,66.76904,73.93704,72.6468,52.834157,52.250328,,/home/luke/workspace/dyn_latency/results/ub_rg/exp1_dispatch/s1_packet_spray_b256_z0_ep0_sd1/hist.csv
exp1_dispatch,s1_packet_spray_b4096_z0.3_ep0_sd1,1,packet_spray,dispatch,4096,0.3,128,4194304,1715.15904,0.0,2.0,2289.27912,2291.27912,13132.855146,899.491864,924.34856,1819.63176,1818.34152,1042.4772,1141.337348,804.377064,,/home/luke/workspace/dyn_latency/results/ub_rg/exp1_dispatch/s1_packet_spray_b4096_z0.3_ep0_sd1/hist.csv
exp1_dispatch,s1_packet_spray_b4096_z0.7_ep0_sd1,1,packet_spray,dispatch,4096,0.7,128,4194304,5062.32832,0.0,2.0,5602.7588,5604.7588,5366.065566,1205.559845,969.65032,4944.87976,4958.92904,883.06088,1917.17602,719.704251,,/home/luke/workspace/dyn_latency/results/ub_rg/exp1_dispatch/s1_packet_spray_b4096_z0.7_ep0_sd1/hist.csv
exp1_dispatch,s1_packet_spray_b4096_z0.9_ep0_sd1,1,packet_spray,dispatch,4096,0.9,128,4194304,7081.2672,0.0,2.0,7593.88584,7595.88584,3959.075986,1537.159036,1112.7236,6938.01384,6953.21,805.9332,2433.931596,682.473272,,/home/luke/workspace/dyn_latency/results/ub_rg/exp1_dispatch/s1_packet_spray_b4096_z0.9_ep0_sd1/hist.csv
exp1_dispatch,s1_packet_spray_b4096_z0_ep0_sd1,1,packet_spray,dispatch,4096,0.0,128,4194304,615.0144,0.0,2.0,1192.57512,1194.57512,25209.96,865.266336,923.05832,1160.46248,1110.5732,1152.57768,865.351965,865.131921,,/home/luke/workspace/dyn_latency/results/ub_rg/exp1_dispatch/s1_packet_spray_b4096_z0_ep0_sd1/hist.csv
exp1_dispatch,s1_ub_rg_b1024_z0.3_ep0_sd1,1,ub_rg,dispatch,1024,0.3,128,1048576,440.54528,0.6,0.4,441.735229,442.135229,17015.153579,84.534607,21.090476,226.134462,397.848487,109.398996,145.838319,60.488236,,/home/luke/workspace/dyn_latency/results/ub_rg/exp1_dispatch/s1_ub_rg_b1024_z0.3_ep0_sd1/hist.csv
exp1_dispatch,s1_ub_rg_b1024_z0.7_ep0_sd1,1,ub_rg,dispatch,1024,0.7,128,1048576,1278.7712,0.6,0.4,1279.961149,1280.361149,5872.203834,162.121036,21.089787,768.996666,769.21968,66.302844,342.389934,39.277034,,/home/luke/workspace/dyn_latency/results/ub_rg/exp1_dispatch/s1_ub_rg_b1024_z0.7_ep0_sd1/hist.csv
exp1_dispatch,s1_ub_rg_b1024_z0.9_ep0_sd1,1,ub_rg,dispatch,1024,0.9,128,1048576,1776.80384,0.6,0.4,1777.993789,1778.393789,4227.344782,246.06495,21.087507,1197.786426,1198.09191,68.356891,473.442488,29.824221,,/home/luke/workspace/dyn_latency/results/ub_rg/exp1_dispatch/s1_ub_rg_b1024_z0.9_ep0_sd1/hist.csv
exp1_dispatch,s1_ub_rg_b1024_z0_ep0_sd1,1,ub_rg,dispatch,1024,0.0,128,1048576,164.29056,0.6,0.4,165.480509,165.880509,45420.411138,75.80673,21.093832,145.518915,151.306098,139.941088,76.258945,75.671693,,/home/luke/workspace/dyn_latency/results/ub_rg/exp1_dispatch/s1_ub_rg_b1024_z0_ep0_sd1/hist.csv
exp1_dispatch,s1_ub_rg_b16_z0.3_ep0_sd1,1,ub_rg,dispatch,16,0.3,128,16384,8.45824,0.6,0.4,9.510604,9.910604,12348.376,2.977649,2.790473,6.389763,7.936559,4.237267,4.047007,2.526311,,/home/luke/workspace/dyn_latency/results/ub_rg/exp1_dispatch/s1_ub_rg_b16_z0.3_ep0_sd1/hist.csv
exp1_dispatch,s1_ub_rg_b16_z0.7_ep0_sd1,1,ub_rg,dispatch,16,0.7,128,16384,21.79072,0.6,0.4,22.843084,23.243084,5141.184654,4.166879,2.977684,18.00128,20.12746,3.368414,7.044321,2.052237,,/home/luke/workspace/dyn_latency/results/ub_rg/exp1_dispatch/s1_ub_rg_b16_z0.7_ep0_sd1/hist.csv
exp1_dispatch,s1_ub_rg_b16_z0.9_ep0_sd1,1,ub_rg,dispatch,16,0.9,128,16384,29.53216,0.6,0.4,30.584524,30.984524,3839.86727,5.448719,3.383015,25.51682,27.363655,2.920926,9.031905,1.84641,,/home/luke/workspace/dyn_latency/results/ub_rg/exp1_dispatch/s1_ub_rg_b16_z0.9_ep0_sd1/hist.csv
exp1_dispatch,s1_ub_rg_b16_z0_ep0_sd1,1,ub_rg,dispatch,16,0.0,128,16384,4.3008,0.6,0.4,5.920297,6.320297,19836.928438,2.850538,2.793167,4.875303,5.158421,4.818298,2.895759,2.840386,,/home/luke/workspace/dyn_latency/results/ub_rg/exp1_dispatch/s1_ub_rg_b16_z0_ep0_sd1/hist.csv
exp1_dispatch,s1_ub_rg_b256_z0.3_ep0_sd1,1,ub_rg,dispatch,256,0.3,128,262144,113.2544,0.6,0.4,114.354897,114.754897,16431.724732,22.878248,16.777068,37.859873,100.505382,33.701457,38.226808,16.912495,,/home/luke/workspace/dyn_latency/results/ub_rg/exp1_dispatch/s1_ub_rg_b256_z0.3_ep0_sd1/hist.csv
exp1_dispatch,s1_ub_rg_b256_z0.7_ep0_sd1,1,ub_rg,dispatch,256,0.7,128,262144,327.00416,0.6,0.4,328.104657,328.504657,5726.978118,42.263394,16.835001,88.498906,303.21892,24.214842,87.36371,11.593256,,/home/luke/workspace/dyn_latency/results/ub_rg/exp1_dispatch/s1_ub_rg_b256_z0.7_ep0_sd1/hist.csv
exp1_dispatch,s1_ub_rg_b256_z0.9_ep0_sd1,1,ub_rg,dispatch,256,0.9,128,262144,446.13632,0.6,0.4,447.236817,447.636817,4201.461329,63.171302,18.228045,148.421667,423.814504,19.448135,120.060979,9.20195,,/home/luke/workspace/dyn_latency/results/ub_rg/exp1_dispatch/s1_ub_rg_b256_z0.9_ep0_sd1/hist.csv
exp1_dispatch,s1_ub_rg_b256_z0_ep0_sd1,1,ub_rg,dispatch,256,0.0,128,262144,43.29472,0.6,0.4,44.907827,45.307827,41842.331857,20.716417,16.775224,34.417009,40.871566,40.49208,20.952338,20.702539,,/home/luke/workspace/dyn_latency/results/ub_rg/exp1_dispatch/s1_ub_rg_b256_z0_ep0_sd1/hist.csv
exp1_dispatch,s1_ub_rg_b4096_z0.3_ep0_sd1,1,ub_rg,dispatch,4096,0.3,128,4194304,1720.03328,0.6,0.4,1721.188102,1721.588102,17467.452299,330.700103,351.407422,1253.385385,1253.385385,471.364797,574.623939,234.673219,,/home/luke/workspace/dyn_latency/results/ub_rg/exp1_dispatch/s1_ub_rg_b4096_z0.3_ep0_sd1/hist.csv
exp1_dispatch,s1_ub_rg_b4096_z0.7_ep0_sd1,1,ub_rg,dispatch,4096,0.7,128,4194304,5070.6432,0.6,0.4,5071.798022,5072.198022,5927.832879,640.196272,414.703042,4417.483945,4417.439026,311.001759,1359.452533,149.58846,,/home/luke/workspace/dyn_latency/results/ub_rg/exp1_dispatch/s1_ub_rg_b4096_z0.7_ep0_sd1/hist.csv
exp1_dispatch,s1_ub_rg_b4096_z0.9_ep0_sd1,1,ub_rg,dispatch,4096,0.9,128,4194304,7069.65504,0.6,0.4,7070.809862,7071.209862,4251.95581,976.051601,584.854134,6421.083305,6421.077831,232.58965,1883.627028,112.144702,,/home/luke/workspace/dyn_latency/results/ub_rg/exp1_dispatch/s1_ub_rg_b4096_z0.9_ep0_sd1/hist.csv
exp1_dispatch,s1_ub_rg_b4096_z0_ep0_sd1,1,ub_rg,dispatch,4096,0.0,128,4194304,619.02848,0.6,0.4,620.183302,620.583302,48477.234017,296.047726,351.417287,589.602008,539.428295,582.221313,296.194582,295.696288,,/home/luke/workspace/dyn_latency/results/ub_rg/exp1_dispatch/s1_ub_rg_b4096_z0_ep0_sd1/hist.csv
exp1_dispatch,s2_packet_spray_b1024_z0.3_ep0_sd1,2,packet_spray,dispatch,1024,0.3,1024,8388608,831.77472,0.0,4.0,976.30152,980.30152,61589.110446,238.796209,265.666,640.69576,639.97896,272.26056,321.323323,206.988654,,/home/luke/workspace/dyn_latency/results/ub_rg/exp1_dispatch/s2_packet_spray_b1024_z0.3_ep0_sd1/hist.csv
exp1_dispatch,s2_packet_spray_b1024_z0.7_ep0_sd1,2,packet_spray,dispatch,1024,0.7,1024,8388608,5562.368,0.0,4.0,5701.59048,5705.59048,10546.099787,519.149385,314.98184,5030.2356,5047.58216,221.9412,923.57699,180.44443,,/home/luke/workspace/dyn_latency/results/ub_rg/exp1_dispatch/s2_packet_spray_b1024_z0.7_ep0_sd1/hist.csv
exp1_dispatch,s2_packet_spray_b1024_z0.9_ep0_sd1,2,packet_spray,dispatch,1024,0.9,1024,8388608,10587.8528,0.0,4.0,10725.64168,10729.64168,5606.148698,1103.601673,918.52744,10028.19528,10052.42312,195.27624,1735.263757,167.973318,,/home/luke/workspace/dyn_latency/results/ub_rg/exp1_dispatch/s2_packet_spray_b1024_z0.9_ep0_sd1/hist.csv
exp1_dispatch,s2_packet_spray_b1024_z0_ep0_sd1,2,packet_spray,dispatch,1024,0.0,1024,8388608,163.86048,0.0,4.0,313.11816,317.11816,192034.668778,224.302017,270.6836,302.79624,295.48488,301.36264,224.317384,224.221064,,/home/luke/workspace/dyn_latency/results/ub_rg/exp1_dispatch/s2_packet_spray_b1024_z0_ep0_sd1/hist.csv
exp1_dispatch,s2_packet_spray_b16_z0.3_ep0_sd1,2,packet_spray,dispatch,16,0.3,1024,131072,15.7696,0.0,4.0,18.37,22.37,51144.479913,4.478644,4.32072,9.62504,12.77896,5.75432,5.951693,3.893439,,/home/luke/workspace/dyn_latency/results/ub_rg/exp1_dispatch/s2_packet_spray_b16_z0.3_ep0_sd1/hist.csv
exp1_dispatch,s2_packet_spray_b16_z0.7_ep0_sd1,2,packet_spray,dispatch,16,0.7,1024,131072,91.7504,0.0,4.0,94.63752,98.63752,9927.606894,8.857166,4.60744,66.25224,79.58472,4.7508,15.328788,3.293162,,/home/luke/workspace/dyn_latency/results/ub_rg/exp1_dispatch/s2_packet_spray_b16_z0.7_ep0_sd1/hist.csv
exp1_dispatch,s2_packet_spray_b16_z0.9_ep0_sd1,2,packet_spray,dispatch,16,0.9,1024,131072,171.17184,0.0,4.0,173.62888,177.62888,5411.104973,18.028409,6.1844,144.24008,153.98856,4.32072,28.103779,2.987514,,/home/luke/workspace/dyn_latency/results/ub_rg/exp1_dispatch/s2_packet_spray_b16_z0.9_ep0_sd1/hist.csv
exp1_dispatch,s2_packet_spray_b16_z0_ep0_sd1,2,packet_spray,dispatch,16,0.0,1024,131072,4.73088,0.0,4.0,7.618,11.618,123329.495406,4.24249,4.32072,6.32776,6.47112,6.47112,4.275155,4.249185,,/home/luke/workspace/dyn_latency/results/ub_rg/exp1_dispatch/s2_packet_spray_b16_z0_ep0_sd1/hist.csv
exp1_dispatch,s2_packet_spray_b256_z0.3_ep0_sd1,2,packet_spray,dispatch,256,0.3,1024,2097152,210.0224,0.0,4.0,246.16904,250.16904,61065.296985,60.857716,45.17832,122.59272,127.46696,67.8292,81.669547,52.66935,,/home/luke/workspace/dyn_latency/results/ub_rg/exp1_dispatch/s2_packet_spray_b256_z0.3_ep0_sd1/hist.csv
exp1_dispatch,s2_packet_spray_b256_z0.7_ep0_sd1,2,packet_spray,dispatch,256,0.7,1024,2097152,1407.36512,0.0,4.0,1442.79496,1446.79496,10418.93405,130.890055,50.05256,873.65576,863.76392,54.21,232.198,45.574433,,/home/luke/workspace/dyn_latency/results/ub_rg/exp1_dispatch/s2_packet_spray_b256_z0.7_ep0_sd1/hist.csv
exp1_dispatch,s2_packet_spray_b256_z0.9_ep0_sd1,2,packet_spray,dispatch,256,0.9,1024,2097152,2658.6112,0.0,4.0,2693.03752,2697.03752,5581.944338,276.974498,58.08072,2073.00552,2049.0644,48.04552,435.140954,42.118606,,/home/luke/workspace/dyn_latency/results/ub_rg/exp1_dispatch/s2_packet_spray_b256_z0.9_ep0_sd1/hist.csv
exp1_dispatch,s2_packet_spray_b256_z0_ep0_sd1,2,packet_spray,dispatch,256,0.0,1024,2097152,47.02208,0.0,4.0,83.31208,87.31208,180434.644484,57.207748,44.74824,77.29096,76.28744,76.14408,57.260104,57.131416,,/home/luke/workspace/dyn_latency/results/ub_rg/exp1_dispatch/s2_packet_spray_b256_z0_ep0_sd1/hist.csv
exp1_dispatch,s2_ub_rg_b1024_z0.3_ep0_sd1,2,ub_rg,dispatch,1024,0.3,1024,8388608,827.61728,1.1,1.2,829.566672,830.766672,72483.07361,95.414451,129.382735,502.646486,502.582697,129.387371,168.018255,66.546716,,/home/luke/workspace/dyn_latency/results/ub_rg/exp1_dispatch/s2_ub_rg_b1024_z0.3_ep0_sd1/hist.csv
exp1_dispatch,s2_ub_rg_b1024_z0.7_ep0_sd1,2,ub_rg,dispatch,1024,0.7,1024,8388608,5533.83936,1.1,1.2,5535.788752,5536.988752,10861.964724,351.355921,377.553682,4896.057046,4895.862168,78.073412,724.350598,40.086177,,/home/luke/workspace/dyn_latency/results/ub_rg/exp1_dispatch/s2_ub_rg_b1024_z0.7_ep0_sd1/hist.csv
exp1_dispatch,s2_ub_rg_b1024_z0.9_ep0_sd1,2,ub_rg,dispatch,1024,0.9,1024,8388608,10570.36288,1.1,1.2,10572.312272,10573.512272,5687.454229,908.743616,1166.53876,9911.506646,9911.531753,51.999692,1505.685582,27.203046,,/home/luke/workspace/dyn_latency/results/ub_rg/exp1_dispatch/s2_ub_rg_b1024_z0.9_ep0_sd1/hist.csv
exp1_dispatch,s2_ub_rg_b1024_z0_ep0_sd1,2,ub_rg,dispatch,1024,0.0,1024,8388608,163.86048,1.1,1.2,178.123367,179.323367,337572.454584,84.541196,128.110578,164.342437,152.901249,161.79603,84.665894,84.493081,,/home/luke/workspace/dyn_latency/results/ub_rg/exp1_dispatch/s2_ub_rg_b1024_z0_ep0_sd1/hist.csv
exp1_dispatch,s2_ub_rg_b16_z0.3_ep0_sd1,2,ub_rg,dispatch,16,0.3,1024,131072,15.62624,1.1,1.2,17.578986,18.778986,53445.863384,3.944307,3.785522,8.398703,11.979295,5.244283,5.152741,3.430685,,/home/luke/workspace/dyn_latency/results/ub_rg/exp1_dispatch/s2_ub_rg_b16_z0.3_ep0_sd1/hist.csv
exp1_dispatch,s2_ub_rg_b16_z0.7_ep0_sd1,2,ub_rg,dispatch,16,0.7,1024,131072,93.32736,1.1,1.2,95.280106,96.480106,9860.653323,7.780928,3.806191,65.813069,79.07524,4.090967,13.644825,2.846679,,/home/luke/workspace/dyn_latency/results/ub_rg/exp1_dispatch/s2_ub_rg_b16_z0.7_ep0_sd1/hist.csv
exp1_dispatch,s2_ub_rg_b16_z0.9_ep0_sd1,2,ub_rg,dispatch,16,0.9,1024,131072,170.5984,1.1,1.2,172.551146,173.751146,5444.902086,16.504714,4.641284,143.940804,153.625963,3.622687,25.93331,2.614251,,/home/luke/workspace/dyn_latency/results/ub_rg/exp1_dispatch/s2_ub_rg_b16_z0.9_ep0_sd1/hist.csv
exp1_dispatch,s2_ub_rg_b16_z0_ep0_sd1,2,ub_rg,dispatch,16,0.0,1024,131072,5.44768,1.1,1.2,8.240954,9.440954,114006.716289,3.878919,3.826692,5.987183,5.990851,5.980848,3.890102,3.876675,,/home/luke/workspace/dyn_latency/results/ub_rg/exp1_dispatch/s2_ub_rg_b16_z0_ep0_sd1/hist.csv
exp1_dispatch,s2_ub_rg_b256_z0.3_ep0_sd1,2,ub_rg,dispatch,256,0.3,1024,2097152,209.87904,1.1,1.2,211.993486,213.193486,70909.657818,28.928186,17.019743,84.200639,84.105726,37.333919,46.910447,21.037536,,/home/luke/workspace/dyn_latency/results/ub_rg/exp1_dispatch/s2_ub_rg_b256_z0.3_ep0_sd1/hist.csv
exp1_dispatch,s2_ub_rg_b256_z0.7_ep0_sd1,2,ub_rg,dispatch,256,0.7,1024,2097152,1402.7776,1.1,1.2,1404.892046,1406.092046,10700.028932,90.726428,14.539256,835.162313,835.300015,22.036724,183.774227,12.716998,,/home/luke/workspace/dyn_latency/results/ub_rg/exp1_dispatch/s2_ub_rg_b256_z0.7_ep0_sd1/hist.csv
exp1_dispatch,s2_ub_rg_b256_z0.9_ep0_sd1,2,ub_rg,dispatch,256,0.9,1024,2097152,2652.44672,1.1,1.2,2654.561166,2655.761166,5662.851446,229.632298,12.716788,2021.850379,2021.990909,14.831402,378.971009,8.674956,,/home/luke/workspace/dyn_latency/results/ub_rg/exp1_dispatch/s2_ub_rg_b256_z0.9_ep0_sd1/hist.csv
exp1_dispatch,s2_ub_rg_b256_z0_ep0_sd1,2,ub_rg,dispatch,256,0.0,1024,2097152,46.16192,1.1,1.2,59.824,61.024,251276.839007,27.433064,17.729595,49.592097,48.414577,47.543655,27.647679,27.389501,,/home/luke/workspace/dyn_latency/results/ub_rg/exp1_dispatch/s2_ub_rg_b256_z0_ep0_sd1/hist.csv
exp1_dispatch,s3_packet_spray_b1024_z0.3_ep0_sd1,3,packet_spray,dispatch,1024,0.3,1024,8388608,831.77472,0.0,4.0,976.30152,980.30152,61589.110446,238.796209,265.666,640.69576,639.97896,272.26056,321.323323,206.988654,,/home/luke/workspace/dyn_latency/results/ub_rg/exp1_dispatch/s3_packet_spray_b1024_z0.3_ep0_sd1/hist.csv
exp1_dispatch,s3_packet_spray_b1024_z0.7_ep0_sd1,3,packet_spray,dispatch,1024,0.7,1024,8388608,5562.368,0.0,4.0,5701.59048,5705.59048,10546.099787,519.149385,314.98184,5030.2356,5047.58216,221.9412,923.57699,180.44443,,/home/luke/workspace/dyn_latency/results/ub_rg/exp1_dispatch/s3_packet_spray_b1024_z0.7_ep0_sd1/hist.csv
exp1_dispatch,s3_packet_spray_b1024_z0.9_ep0_sd1,3,packet_spray,dispatch,1024,0.9,1024,8388608,10587.8528,0.0,4.0,10725.64168,10729.64168,5606.148698,1103.601673,918.52744,10028.19528,10052.42312,195.27624,1735.263757,167.973318,,/home/luke/workspace/dyn_latency/results/ub_rg/exp1_dispatch/s3_packet_spray_b1024_z0.9_ep0_sd1/hist.csv
exp1_dispatch,s3_packet_spray_b1024_z0_ep0_sd1,3,packet_spray,dispatch,1024,0.0,1024,8388608,163.86048,0.0,4.0,313.11816,317.11816,192034.668778,224.302017,270.6836,302.79624,295.48488,301.36264,224.317384,224.221064,,/home/luke/workspace/dyn_latency/results/ub_rg/exp1_dispatch/s3_packet_spray_b1024_z0_ep0_sd1/hist.csv
exp1_dispatch,s3_packet_spray_b16_z0.3_ep0_sd1,3,packet_spray,dispatch,16,0.3,1024,131072,15.7696,0.0,4.0,18.37,22.37,51144.479913,4.478644,4.32072,9.62504,12.77896,5.75432,5.951693,3.893439,,/home/luke/workspace/dyn_latency/results/ub_rg/exp1_dispatch/s3_packet_spray_b16_z0.3_ep0_sd1/hist.csv
exp1_dispatch,s3_packet_spray_b16_z0.7_ep0_sd1,3,packet_spray,dispatch,16,0.7,1024,131072,91.7504,0.0,4.0,94.63752,98.63752,9927.606894,8.857166,4.60744,66.25224,79.58472,4.7508,15.328788,3.293162,,/home/luke/workspace/dyn_latency/results/ub_rg/exp1_dispatch/s3_packet_spray_b16_z0.7_ep0_sd1/hist.csv
exp1_dispatch,s3_packet_spray_b16_z0.9_ep0_sd1,3,packet_spray,dispatch,16,0.9,1024,131072,171.17184,0.0,4.0,173.62888,177.62888,5411.104973,18.028409,6.1844,144.24008,153.98856,4.32072,28.103779,2.987514,,/home/luke/workspace/dyn_latency/results/ub_rg/exp1_dispatch/s3_packet_spray_b16_z0.9_ep0_sd1/hist.csv
exp1_dispatch,s3_packet_spray_b16_z0_ep0_sd1,3,packet_spray,dispatch,16,0.0,1024,131072,4.73088,0.0,4.0,7.618,11.618,123329.495406,4.24249,4.32072,6.32776,6.47112,6.47112,4.275155,4.249185,,/home/luke/workspace/dyn_latency/results/ub_rg/exp1_dispatch/s3_packet_spray_b16_z0_ep0_sd1/hist.csv
exp1_dispatch,s3_packet_spray_b256_z0.3_ep0_sd1,3,packet_spray,dispatch,256,0.3,1024,2097152,210.0224,0.0,4.0,246.16904,250.16904,61065.296985,60.857716,45.17832,122.59272,127.46696,67.8292,81.669547,52.66935,,/home/luke/workspace/dyn_latency/results/ub_rg/exp1_dispatch/s3_packet_spray_b256_z0.3_ep0_sd1/hist.csv
exp1_dispatch,s3_packet_spray_b256_z0.7_ep0_sd1,3,packet_spray,dispatch,256,0.7,1024,2097152,1407.36512,0.0,4.0,1442.79496,1446.79496,10418.93405,130.890055,50.05256,873.65576,863.76392,54.21,232.198,45.574433,,/home/luke/workspace/dyn_latency/results/ub_rg/exp1_dispatch/s3_packet_spray_b256_z0.7_ep0_sd1/hist.csv
exp1_dispatch,s3_packet_spray_b256_z0.9_ep0_sd1,3,packet_spray,dispatch,256,0.9,1024,2097152,2658.6112,0.0,4.0,2693.03752,2697.03752,5581.944338,276.974498,58.08072,2073.00552,2049.0644,48.04552,435.140954,42.118606,,/home/luke/workspace/dyn_latency/results/ub_rg/exp1_dispatch/s3_packet_spray_b256_z0.9_ep0_sd1/hist.csv
exp1_dispatch,s3_packet_spray_b256_z0_ep0_sd1,3,packet_spray,dispatch,256,0.0,1024,2097152,47.02208,0.0,4.0,83.31208,87.31208,180434.644484,57.207748,44.74824,77.29096,76.28744,76.14408,57.260104,57.131416,,/home/luke/workspace/dyn_latency/results/ub_rg/exp1_dispatch/s3_packet_spray_b256_z0_ep0_sd1/hist.csv
exp1_dispatch,s3_ub_rg_b1024_z0.3_ep0_sd1,3,ub_rg,dispatch,1024,0.3,1024,8388608,827.61728,1.1,1.2,829.566672,830.766672,72483.07361,95.414451,129.382735,502.646486,502.582697,129.387371,168.018255,66.546716,,/home/luke/workspace/dyn_latency/results/ub_rg/exp1_dispatch/s3_ub_rg_b1024_z0.3_ep0_sd1/hist.csv
exp1_dispatch,s3_ub_rg_b1024_z0.7_ep0_sd1,3,ub_rg,dispatch,1024,0.7,1024,8388608,5533.83936,1.1,1.2,5535.788752,5536.988752,10861.964724,351.355921,377.553682,4896.057046,4895.862168,78.073412,724.350598,40.086177,,/home/luke/workspace/dyn_latency/results/ub_rg/exp1_dispatch/s3_ub_rg_b1024_z0.7_ep0_sd1/hist.csv
exp1_dispatch,s3_ub_rg_b1024_z0.9_ep0_sd1,3,ub_rg,dispatch,1024,0.9,1024,8388608,10570.36288,1.1,1.2,10572.312272,10573.512272,5687.454229,908.743616,1166.53876,9911.506646,9911.531753,51.999692,1505.685582,27.203046,,/home/luke/workspace/dyn_latency/results/ub_rg/exp1_dispatch/s3_ub_rg_b1024_z0.9_ep0_sd1/hist.csv
exp1_dispatch,s3_ub_rg_b1024_z0_ep0_sd1,3,ub_rg,dispatch,1024,0.0,1024,8388608,163.86048,1.1,1.2,178.123367,179.323367,337572.454584,84.541196,128.110578,164.342437,152.901249,161.79603,84.665894,84.493081,,/home/luke/workspace/dyn_latency/results/ub_rg/exp1_dispatch/s3_ub_rg_b1024_z0_ep0_sd1/hist.csv
exp1_dispatch,s3_ub_rg_b16_z0.3_ep0_sd1,3,ub_rg,dispatch,16,0.3,1024,131072,15.62624,1.1,1.2,17.578986,18.778986,53445.863384,3.944307,3.785522,8.398703,11.979295,5.244283,5.152741,3.430685,,/home/luke/workspace/dyn_latency/results/ub_rg/exp1_dispatch/s3_ub_rg_b16_z0.3_ep0_sd1/hist.csv
exp1_dispatch,s3_ub_rg_b16_z0.7_ep0_sd1,3,ub_rg,dispatch,16,0.7,1024,131072,93.32736,1.1,1.2,95.280106,96.480106,9860.653323,7.780928,3.806191,65.813069,79.07524,4.090967,13.644825,2.846679,,/home/luke/workspace/dyn_latency/results/ub_rg/exp1_dispatch/s3_ub_rg_b16_z0.7_ep0_sd1/hist.csv
exp1_dispatch,s3_ub_rg_b16_z0.9_ep0_sd1,3,ub_rg,dispatch,16,0.9,1024,131072,170.5984,1.1,1.2,172.551146,173.751146,5444.902086,16.504714,4.641284,143.940804,153.625963,3.622687,25.93331,2.614251,,/home/luke/workspace/dyn_latency/results/ub_rg/exp1_dispatch/s3_ub_rg_b16_z0.9_ep0_sd1/hist.csv
exp1_dispatch,s3_ub_rg_b16_z0_ep0_sd1,3,ub_rg,dispatch,16,0.0,1024,131072,5.44768,1.1,1.2,8.240954,9.440954,114006.716289,3.878919,3.826692,5.987183,5.990851,5.980848,3.890102,3.876675,,/home/luke/workspace/dyn_latency/results/ub_rg/exp1_dispatch/s3_ub_rg_b16_z0_ep0_sd1/hist.csv
exp1_dispatch,s3_ub_rg_b256_z0.3_ep0_sd1,3,ub_rg,dispatch,256,0.3,1024,2097152,209.87904,1.1,1.2,211.993486,213.193486,70909.657818,28.928186,17.019743,84.200639,84.105726,37.333919,46.910447,21.037536,,/home/luke/workspace/dyn_latency/results/ub_rg/exp1_dispatch/s3_ub_rg_b256_z0.3_ep0_sd1/hist.csv
exp1_dispatch,s3_ub_rg_b256_z0.7_ep0_sd1,3,ub_rg,dispatch,256,0.7,1024,2097152,1402.7776,1.1,1.2,1404.892046,1406.092046,10700.028932,90.726428,14.539256,835.162313,835.300015,22.036724,183.774227,12.716998,,/home/luke/workspace/dyn_latency/results/ub_rg/exp1_dispatch/s3_ub_rg_b256_z0.7_ep0_sd1/hist.csv
exp1_dispatch,s3_ub_rg_b256_z0.9_ep0_sd1,3,ub_rg,dispatch,256,0.9,1024,2097152,2652.44672,1.1,1.2,2654.561166,2655.761166,5662.851446,229.632298,12.716788,2021.850379,2021.990909,14.831402,378.971009,8.674956,,/home/luke/workspace/dyn_latency/results/ub_rg/exp1_dispatch/s3_ub_rg_b256_z0.9_ep0_sd1/hist.csv
exp1_dispatch,s3_ub_rg_b256_z0_ep0_sd1,3,ub_rg,dispatch,256,0.0,1024,2097152,46.16192,1.1,1.2,59.824,61.024,251276.839007,27.433064,17.729595,49.592097,48.414577,47.543655,27.647679,27.389501,,/home/luke/workspace/dyn_latency/results/ub_rg/exp1_dispatch/s3_ub_rg_b256_z0_ep0_sd1/hist.csv
exp2_combine,s1_packet_spray_b1024_z0.3_ep0_sd1,1,packet_spray,combine,1024,0.3,128,1048576,429.50656,0.0,2.0,573.97672,575.97672,13094.943586,287.24723,242.38504,511.47176,439.07496,532.54568,226.466513,331.553406,,/home/luke/workspace/dyn_latency/results/ub_rg/exp2_combine/s1_packet_spray_b1024_z0.3_ep0_sd1/hist.csv
exp2_combine,s1_packet_spray_b1024_z0.7_ep0_sd1,1,packet_spray,combine,1024,0.7,128,1048576,1262.2848,0.0,2.0,1400.8772,1402.8772,5365.347347,701.225975,646.66024,1295.36424,1259.23752,1369.76808,653.130009,755.847785,,/home/luke/workspace/dyn_latency/results/ub_rg/exp2_combine/s1_packet_spray_b1024_z0.7_ep0_sd1/hist.csv
exp2_combine,s1_packet_spray_b1024_z0.9_ep0_sd1,1,packet_spray,combine,1024,0.9,128,1048576,1760.89088,0.0,2.0,1896.04264,1898.04264,3964.14754,949.000875,860.55336,1771.89288,1749.52872,1870.66792,908.114441,1007.818003,,/home/luke/workspace/dyn_latency/results/ub_rg/exp2_combine/s1_packet_spray_b1024_z0.9_ep0_sd1/hist.csv
exp2_combine,s1_packet_spray_b1024_z0_ep0_sd1,1,packet_spray,combine,1024,0.0,128,1048576,150.38464,0.0,2.0,296.86184,298.86184,25318.824299,148.841438,105.04616,259.58824,157.2292,259.58824,82.276838,185.585807,,/home/luke/workspace/dyn_latency/results/ub_rg/exp2_combine/s1_packet_spray_b1024_z0_ep0_sd1/hist.csv
exp2_combine,s1_packet_spray_b16_z0.3_ep0_sd1,1,packet_spray,combine,16,0.3,128,16384,6.73792,0.0,2.0,10.2852,12.2852,11418.398475,4.337134,4.26408,8.70824,7.27464,9.28168,3.492142,5.007923,,/home/luke/workspace/dyn_latency/results/ub_rg/exp2_combine/s1_packet_spray_b16_z0.3_ep0_sd1/hist.csv
exp2_combine,s1_packet_spray_b16_z0.7_ep0_sd1,1,packet_spray,combine,16,0.7,128,16384,19.92704,0.0,2.0,23.04424,25.04424,5096.306582,11.34024,11.28872,21.61064,20.46376,22.04072,10.654089,12.189912,,/home/luke/workspace/dyn_latency/results/ub_rg/exp2_combine/s1_packet_spray_b16_z0.7_ep0_sd1/hist.csv
exp2_combine,s1_packet_spray_b16_z0.9_ep0_sd1,1,packet_spray,combine,16,0.9,128,16384,27.38176,0.0,2.0,30.49896,32.49896,3850.639891,15.302608,15.58952,28.77864,27.91848,29.49544,14.708731,16.161599,,/home/luke/workspace/dyn_latency/results/ub_rg/exp2_combine/s1_packet_spray_b16_z0.9_ep0_sd1/hist.csv
exp2_combine,s1_packet_spray_b16_z0_ep0_sd1,1,packet_spray,combine,16,0.0,128,16384,4.01408,0.0,2.0,6.55784,8.55784,17908.413746,2.785216,2.83048,5.12424,3.1172,5.2676,1.757125,3.351193,,/home/luke/workspace/dyn_latency/results/ub_rg/exp2_combine/s1_packet_spray_b16_z0_ep0_sd1/hist.csv
exp2_combine,s1_packet_spray_b256_z0.3_ep0_sd1,1,packet_spray,combine,256,0.3,128,262144,107.66336,0.0,2.0,144.47016,146.47016,13006.479622,72.402569,68.48936,128.70056,110.49384,138.87912,57.44531,83.475827,,/home/luke/workspace/dyn_latency/results/ub_rg/exp2_combine/s1_packet_spray_b256_z0.3_ep0_sd1/hist.csv
exp2_combine,s1_packet_spray_b256_z0.7_ep0_sd1,1,packet_spray,combine,256,0.7,128,262144,318.2592,0.0,2.0,353.34568,355.34568,5317.875096,176.139732,171.99528,332.41512,320.80296,346.32104,164.185085,190.206398,,/home/luke/workspace/dyn_latency/results/ub_rg/exp2_combine/s1_packet_spray_b256_z0.7_ep0_sd1/hist.csv
exp2_combine,s1_packet_spray_b256_z0.9_ep0_sd1,1,packet_spray,combine,256,0.9,128,262144,443.41248,0.0,2.0,477.78216,479.78216,3932.855492,238.497362,234.07016,454.7012,446.24296,471.04424,228.272571,253.623119,,/home/luke/workspace/dyn_latency/results/ub_rg/exp2_combine/s1_packet_spray_b256_z0.9_ep0_sd1/hist.csv
exp2_combine,s1_packet_spray_b256_z0_ep0_sd1,1,packet_spray,combine,256,0.0,128,262144,38.7072,0.0,2.0,75.80072,77.80072,24789.318518,37.901806,34.08296,62.46824,40.24744,71.35656,21.429411,47.081439,,/home/luke/workspace/dyn_latency/results/ub_rg/exp2_combine/s1_packet_spray_b256_z0_ep0_sd1/hist.csv
exp2_combine,s1_packet_spray_b4096_z0.3_ep0_sd1,1,packet_spray,combine,4096,0.3,128,4194304,1702.54336,0.0,2.0,2277.66696,2279.66696,13199.809981,1141.517766,1200.89,2156.95784,1698.92264,2157.1012,897.966905,1319.256506,,/home/luke/workspace/dyn_latency/results/ub_rg/exp2_combine/s1_packet_spray_b4096_z0.3_ep0_sd1/hist.csv
exp2_combine,s1_packet_spray_b4096_z0.7_ep0_sd1,1,packet_spray,combine,4096,0.7,128,4194304,5025.91488,0.0,2.0,5575.66376,5577.66376,5392.14206,2789.566119,2862.14568,5375.96328,4990.89832,5433.88072,2596.616737,3008.912711,,/home/luke/workspace/dyn_latency/results/ub_rg/exp2_combine/s1_packet_spray_b4096_z0.7_ep0_sd1/hist.csv
exp2_combine,s1_packet_spray_b4096_z0.9_ep0_sd1,1,packet_spray,combine,4096,0.9,128,4194304,7029.51424,0.0,2.0,7563.06344,7565.06344,3975.210748,3783.633609,3935.33864,7330.82024,7004.24616,7426.298,3620.225692,4022.351844,,/home/luke/workspace/dyn_latency/results/ub_rg/exp2_combine/s1_packet_spray_b4096_z0.9_ep0_sd1/hist.csv
exp2_combine,s1_packet_spray_b4096_z0_ep0_sd1,1,packet_spray,combine,4096,0.0,128,4194304,594.944,0.0,2.0,1175.51528,1177.51528,25575.823287,588.902258,644.79656,1102.25832,601.07176,1102.40168,322.446195,735.881289,,/home/luke/workspace/dyn_latency/results/ub_rg/exp2_combine/s1_packet_spray_b4096_z0_ep0_sd1/hist.csv
exp2_combine,s1_ub_rg_b1024_z0.3_ep0_sd1,1,ub_rg,combine,1024,0.3,128,1048576,429.50656,0.6,0.4,441.739044,442.139044,17015.00665,83.864524,20.270809,226.175518,397.744779,108.800364,145.31616,59.754885,,/home/luke/workspace/dyn_latency/results/ub_rg/exp2_combine/s1_ub_rg_b1024_z0.3_ep0_sd1/hist.csv
exp2_combine,s1_ub_rg_b1024_z0.7_ep0_sd1,1,ub_rg,combine,1024,0.7,128,1048576,1262.2848,0.6,0.4,1279.982436,1280.382436,5872.106177,161.565353,20.2758,769.305631,768.775265,65.69296,342.000662,38.554089,,/home/luke/workspace/dyn_latency/results/ub_rg/exp2_combine/s1_ub_rg_b1024_z0.7_ep0_sd1/hist.csv
exp2_combine,s1_ub_rg_b1024_z0.9_ep0_sd1,1,ub_rg,combine,1024,0.9,128,1048576,1760.89088,0.6,0.4,1777.888644,1778.288644,4227.59479,245.559667,20.276694,1198.425738,1198.786058,68.087006,473.075277,29.11525,,/home/luke/workspace/dyn_latency/results/ub_rg/exp2_combine/s1_ub_rg_b1024_z0.9_ep0_sd1/hist.csv
exp2_combine,s1_ub_rg_b1024_z0_ep0_sd1,1,ub_rg,combine,1024,0.0,128,1048576,158.12608,0.6,0.4,165.614654,166.014654,45383.621544,75.059896,20.267523,145.134765,150.77233,139.302332,75.505202,74.928308,,/home/luke/workspace/dyn_latency/results/ub_rg/exp2_combine/s1_ub_rg_b1024_z0_ep0_sd1/hist.csv
exp2_combine,s1_ub_rg_b16_z0.3_ep0_sd1,1,ub_rg,combine,16,0.3,128,16384,6.73792,0.6,0.4,9.463741,9.863741,12409.522676,2.741664,2.583034,6.329126,7.930063,3.900353,3.731105,2.328581,,/home/luke/workspace/dyn_latency/results/ub_rg/exp2_combine/s1_ub_rg_b16_z0.3_ep0_sd1/hist.csv
exp2_combine,s1_ub_rg_b16_z0.7_ep0_sd1,1,ub_rg,combine,16,0.7,128,16384,19.92704,0.6,0.4,22.841628,23.241628,5141.512345,3.958509,2.727407,18.084308,20.154406,3.115827,6.736888,1.94564,,/home/luke/workspace/dyn_latency/results/ub_rg/exp2_combine/s1_ub_rg_b16_z0.7_ep0_sd1/hist.csv
exp2_combine,s1_ub_rg_b16_z0.9_ep0_sd1,1,ub_rg,combine,16,0.9,128,16384,27.38176,0.6,0.4,30.659209,31.059209,3830.513469,5.267272,3.066435,25.517867,27.396373,2.779851,8.769114,1.784346,,/home/luke/workspace/dyn_latency/results/ub_rg/exp2_combine/s1_ub_rg_b16_z0.9_ep0_sd1/hist.csv
exp2_combine,s1_ub_rg_b16_z0_ep0_sd1,1,ub_rg,combine,16,0.0,128,16384,3.87072,0.6,0.4,5.440297,5.840297,21587.150008,2.595232,2.569157,4.464293,4.495175,4.464293,2.588385,2.592517,,/home/luke/workspace/dyn_latency/results/ub_rg/exp2_combine/s1_ub_rg_b16_z0_ep0_sd1/hist.csv
exp2_combine,s1_ub_rg_b256_z0.3_ep0_sd1,1,ub_rg,combine,256,0.3,128,262144,107.66336,0.6,0.4,114.359707,114.759707,16431.033695,22.205382,15.968535,37.428624,100.542184,33.126348,37.685155,16.183048,,/home/luke/workspace/dyn_latency/results/ub_rg/exp2_combine/s1_ub_rg_b256_z0.3_ep0_sd1/hist.csv
exp2_combine,s1_ub_rg_b256_z0.7_ep0_sd1,1,ub_rg,combine,256,0.7,128,262144,318.2592,0.6,0.4,328.21214,328.61214,5725.102648,41.704504,16.140225,88.347991,303.17174,23.569676,86.949156,10.884299,,/home/luke/workspace/dyn_latency/results/ub_rg/exp2_combine/s1_ub_rg_b256_z0.7_ep0_sd1/hist.csv
exp2_combine,s1_ub_rg_b256_z0.9_ep0_sd1,1,ub_rg,combine,256,0.9,128,262144,443.41248,0.6,0.4,447.31641,447.71641,4200.713748,62.676895,17.520947,148.498963,423.785461,18.841004,119.701848,8.529277,,/home/luke/workspace/dyn_latency/results/ub_rg/exp2_combine/s1_ub_rg_b256_z0.9_ep0_sd1/hist.csv
exp2_combine,s1_ub_rg_b256_z0_ep0_sd1,1,ub_rg,combine,256,0.0,128,262144,42.14784,0.6,0.4,44.777111,45.177111,41964.479966,19.985439,15.954366,33.861785,40.251163,39.891678,20.210174,19.971764,,/home/luke/workspace/dyn_latency/results/ub_rg/exp2_combine/s1_ub_rg_b256_z0_ep0_sd1/hist.csv
exp2_combine,s1_ub_rg_b4096_z0.3_ep0_sd1,1,ub_rg,combine,4096,0.3,128,4194304,1702.54336,0.6,0.4,1721.13338,1721.53338,17468.00766,330.025441,350.634992,1253.988508,1253.988508,471.229356,574.10544,233.937353,,/home/luke/workspace/dyn_latency/results/ub_rg/exp2_combine/s1_ub_rg_b4096_z0.3_ep0_sd1/hist.csv
exp2_combine,s1_ub_rg_b4096_z0.7_ep0_sd1,1,ub_rg,combine,4096,0.7,128,4194304,5025.91488,0.6,0.4,5071.856258,5072.256258,5927.764815,639.632944,414.084501,4417.547334,4416.941633,310.835888,1359.049173,148.890628,,/home/luke/workspace/dyn_latency/results/ub_rg/exp2_combine/s1_ub_rg_b4096_z0.7_ep0_sd1/hist.csv
exp2_combine,s1_ub_rg_b4096_z0.9_ep0_sd1,1,ub_rg,combine,4096,0.9,128,4194304,7029.51424,0.6,0.4,7070.831813,7071.231813,4251.94261,975.533364,584.802389,6421.060468,6420.565119,232.311327,1883.251426,111.470559,,/home/luke/workspace/dyn_latency/results/ub_rg/exp2_combine/s1_ub_rg_b4096_z0.9_ep0_sd1/hist.csv
exp2_combine,s1_ub_rg_b4096_z0_ep0_sd1,1,ub_rg,combine,4096,0.0,128,4194304,612.864,0.6,0.4,620.23614,620.63614,48473.10428,295.275741,350.644148,589.38535,538.551872,581.954042,295.432857,294.918509,,/home/luke/workspace/dyn_latency/results/ub_rg/exp2_combine/s1_ub_rg_b4096_z0_ep0_sd1/hist.csv
exp2_combine,s2_packet_spray_b1024_z0.3_ep0_sd1,2,packet_spray,combine,1024,0.3,1024,8388608,814.2848,0.0,4.0,964.97608,968.97608,62311.950928,506.42317,551.95592,950.35336,831.36456,950.35336,443.620248,552.822913,,/home/luke/workspace/dyn_latency/results/ub_rg/exp2_combine/s2_packet_spray_b1024_z0.3_ep0_sd1/hist.csv
exp2_combine,s2_packet_spray_b1024_z0.7_ep0_sd1,2,packet_spray,combine,1024,0.7,1024,8388608,5503.44704,0.0,4.0,5648.54728,5652.54728,10645.133901,2964.959867,3175.01384,5628.19016,5544.46792,5628.19016,2893.301025,3045.939954,,/home/luke/workspace/dyn_latency/results/ub_rg/exp2_combine/s2_packet_spray_b1024_z0.7_ep0_sd1/hist.csv
exp2_combine,s2_packet_spray_b1024_z0.9_ep0_sd1,2,packet_spray,combine,1024,0.9,1024,8388608,10518.89664,0.0,4.0,10659.9828,10663.9828,5640.679096,5561.491941,5976.69832,10631.16744,10569.95272,10632.0276,5477.347488,5701.792508,,/home/luke/workspace/dyn_latency/results/ub_rg/exp2_combine/s2_packet_spray_b1024_z0.9_ep0_sd1/hist.csv
exp2_combine,s2_packet_spray_b1024_z0_ep0_sd1,2,packet_spray,combine,1024,0.0,1024,8388608,154.68544,0.0,4.0,303.51304,307.51304,198111.890494,154.56513,199.0036,288.6036,154.13192,288.6036,86.659589,191.930135,,/home/luke/workspace/dyn_latency/results/ub_rg/exp2_combine/s2_packet_spray_b1024_z0_ep0_sd1/hist.csv
exp2_combine,s2_packet_spray_b16_z0.3_ep0_sd1,2,packet_spray,combine,16,0.3,1024,131072,13.76256,0.0,4.0,18.80008,22.80008,49974.4733,8.82003,8.76488,16.50632,14.35592,16.9364,5.958895,10.936761,,/home/luke/workspace/dyn_latency/results/ub_rg/exp2_combine/s2_packet_spray_b16_z0.3_ep0_sd1/hist.csv
exp2_combine,s2_packet_spray_b16_z0.7_ep0_sd1,2,packet_spray,combine,16,0.7,1024,131072,87.30624,0.0,4.0,91.62696,95.62696,10253.795346,43.60095,41.16424,89.47656,88.18632,90.19336,40.392909,47.806299,,/home/luke/workspace/dyn_latency/results/ub_rg/exp2_combine/s2_packet_spray_b16_z0.7_ep0_sd1/hist.csv
exp2_combine,s2_packet_spray_b16_z0.9_ep0_sd1,2,packet_spray,combine,16,0.9,1024,131072,165.43744,0.0,4.0,169.47144,173.47144,5543.849135,85.922583,85.0324,167.4644,166.46088,168.32456,84.311247,89.392947,,/home/luke/workspace/dyn_latency/results/ub_rg/exp2_combine/s2_packet_spray_b16_z0.9_ep0_sd1/hist.csv
exp2_combine,s2_packet_spray_b16_z0_ep0_sd1,2,packet_spray,combine,16,0.0,1024,131072,4.3008,0.0,4.0,11.34536,15.34536,82811.30753,5.321794,5.32424,9.62504,3.60392,9.91176,2.331536,6.90198,,/home/luke/workspace/dyn_latency/results/ub_rg/exp2_combine/s2_packet_spray_b16_z0_ep0_sd1/hist.csv
exp2_combine,s2_packet_spray_b256_z0.3_ep0_sd1,2,packet_spray,combine,256,0.3,1024,2097152,206.58176,0.0,4.0,248.4628,252.4628,60501.5541,128.981388,120.29896,234.55688,209.46888,234.8436,112.373574,140.918171,,/home/luke/workspace/dyn_latency/results/ub_rg/exp2_combine/s2_packet_spray_b256_z0.3_ep0_sd1/hist.csv
exp2_combine,s2_packet_spray_b256_z0.7_ep0_sd1,2,packet_spray,combine,256,0.7,1024,2097152,1380.84352,0.0,4.0,1420.71752,1424.71752,10580.840543,744.589501,717.9668,1405.66472,1383.874,1411.25576,726.373828,764.739237,,/home/luke/workspace/dyn_latency/results/ub_rg/exp2_combine/s2_packet_spray_b256_z0.7_ep0_sd1/hist.csv
exp2_combine,s2_packet_spray_b256_z0.9_ep0_sd1,2,packet_spray,combine,256,0.9,1024,2097152,2629.50912,0.0,4.0,2667.23272,2671.23272,5635.948233,1393.119241,1299.14824,2650.88968,2635.12008,2659.20456,1372.838868,1426.151013,,/home/luke/workspace/dyn_latency/results/ub_rg/exp2_combine/s2_packet_spray_b256_z0.9_ep0_sd1/hist.csv
exp2_combine,s2_packet_spray_b256_z0_ep0_sd1,2,packet_spray,combine,256,0.0,1024,2097152,43.86816,0.0,4.0,83.02536,87.02536,181057.757967,40.64504,33.27944,71.98664,42.31112,71.84328,22.82845,50.299885,,/home/luke/workspace/dyn_latency/results/ub_rg/exp2_combine/s2_packet_spray_b256_z0_ep0_sd1/hist.csv
exp2_combine,s2_ub_rg_b1024_z0.3_ep0_sd1,2,ub_rg,combine,1024,0.3,1024,8388608,814.2848,1.1,1.2,829.57808,830.77808,72482.076849,90.185316,127.72875,504.180882,503.835999,136.571528,163.337608,63.172121,,/home/luke/workspace/dyn_latency/results/ub_rg/exp2_combine/s2_ub_rg_b1024_z0.3_ep0_sd1/hist.csv
exp2_combine,s2_ub_rg_b1024_z0.7_ep0_sd1,2,ub_rg,combine,1024,0.7,1024,8388608,5503.44704,1.1,1.2,5535.757497,5536.957497,10862.026051,348.969174,377.203728,4893.098079,4895.914296,86.819696,722.798056,39.513114,,/home/luke/workspace/dyn_latency/results/ub_rg/exp2_combine/s2_ub_rg_b1024_z0.7_ep0_sd1/hist.csv
exp2_combine,s2_ub_rg_b1024_z0.9_ep0_sd1,2,ub_rg,combine,1024,0.9,1024,8388608,10518.89664,1.1,1.2,10572.345769,10573.545769,5687.436209,907.45586,1166.134775,9910.708527,9910.814439,59.165942,1504.712695,28.05941,,/home/luke/workspace/dyn_latency/results/ub_rg/exp2_combine/s2_ub_rg_b1024_z0.9_ep0_sd1/hist.csv
exp2_combine,s2_ub_rg_b1024_z0_ep0_sd1,2,ub_rg,combine,1024,0.0,1024,8388608,161.28,1.1,1.2,166.148427,167.348427,361902.566302,76.793979,120.779378,154.130479,145.43466,152.196507,76.789143,76.742984,,/home/luke/workspace/dyn_latency/results/ub_rg/exp2_combine/s2_ub_rg_b1024_z0_ep0_sd1/hist.csv
exp2_combine,s2_ub_rg_b16_z0.3_ep0_sd1,2,ub_rg,combine,16,0.3,1024,131072,13.76256,1.1,1.2,17.564258,18.764258,53490.67807,3.738076,3.554843,8.40195,11.979038,5.217655,4.734132,3.413515,,/home/luke/workspace/dyn_latency/results/ub_rg/exp2_combine/s2_ub_rg_b16_z0.3_ep0_sd1/hist.csv
exp2_combine,s2_ub_rg_b16_z0.7_ep0_sd1,2,ub_rg,combine,16,0.7,1024,131072,87.30624,1.1,1.2,95.273723,96.473723,9861.314017,7.809025,3.934876,65.880611,79.137157,5.318318,13.502499,3.232664,,/home/luke/workspace/dyn_latency/results/ub_rg/exp2_combine/s2_ub_rg_b16_z0.7_ep0_sd1/hist.csv
exp2_combine,s2_ub_rg_b16_z0.9_ep0_sd1,2,ub_rg,combine,16,0.9,1024,131072,165.43744,1.1,1.2,172.691054,173.891054,5440.490841,16.555962,4.774171,143.91264,153.624053,5.24263,25.840484,3.107141,,/home/luke/workspace/dyn_latency/results/ub_rg/exp2_combine/s2_ub_rg_b16_z0.9_ep0_sd1/hist.csv
exp2_combine,s2_ub_rg_b16_z0_ep0_sd1,2,ub_rg,combine,16,0.0,1024,131072,5.0176,1.1,1.2,7.354278,8.554278,127752.047043,3.530687,3.502083,5.408547,5.450699,5.406753,3.541188,3.531285,,/home/luke/workspace/dyn_latency/results/ub_rg/exp2_combine/s2_ub_rg_b16_z0_ep0_sd1/hist.csv
exp2_combine,s2_ub_rg_b256_z0.3_ep0_sd1,2,ub_rg,combine,256,0.3,1024,2097152,206.58176,1.1,1.2,211.891729,213.091729,70943.710905,24.93114,10.149061,84.479324,84.235766,35.254057,42.60483,18.799934,,/home/luke/workspace/dyn_latency/results/ub_rg/exp2_combine/s2_ub_rg_b256_z0.3_ep0_sd1/hist.csv
exp2_combine,s2_ub_rg_b256_z0.7_ep0_sd1,2,ub_rg,combine,256,0.7,1024,2097152,1380.84352,1.1,1.2,1404.747187,1405.947187,10701.13233,89.705774,11.76267,833.364372,836.859967,23.526779,182.701265,13.598435,,/home/luke/workspace/dyn_latency/results/ub_rg/exp2_combine/s2_ub_rg_b256_z0.7_ep0_sd1/hist.csv
exp2_combine,s2_ub_rg_b256_z0.9_ep0_sd1,2,ub_rg,combine,256,0.9,1024,2097152,2629.50912,1.1,1.2,2654.391452,2655.591452,5663.213512,229.281624,12.684842,2018.45372,2021.641091,16.878644,378.33219,10.70399,,/home/luke/workspace/dyn_latency/results/ub_rg/exp2_combine/s2_ub_rg_b256_z0.9_ep0_sd1/hist.csv
exp2_combine,s2_ub_rg_b256_z0_ep0_sd1,2,ub_rg,combine,256,0.0,1024,2097152,47.45216,1.1,1.2,49.410358,50.610358,304235.51266,21.422707,9.695856,40.662017,39.380863,39.39823,21.447634,21.395617,,/home/luke/workspace/dyn_latency/results/ub_rg/exp2_combine/s2_ub_rg_b256_z0_ep0_sd1/hist.csv
exp2_combine,s3_packet_spray_b1024_z0.3_ep0_sd1,3,packet_spray,combine,1024,0.3,1024,8388608,814.2848,0.0,4.0,964.97608,968.97608,62311.950928,506.42317,551.95592,950.35336,831.36456,950.35336,443.620248,552.822913,,/home/luke/workspace/dyn_latency/results/ub_rg/exp2_combine/s3_packet_spray_b1024_z0.3_ep0_sd1/hist.csv
exp2_combine,s3_packet_spray_b1024_z0.7_ep0_sd1,3,packet_spray,combine,1024,0.7,1024,8388608,5503.44704,0.0,4.0,5648.54728,5652.54728,10645.133901,2964.959867,3175.01384,5628.19016,5544.46792,5628.19016,2893.301025,3045.939954,,/home/luke/workspace/dyn_latency/results/ub_rg/exp2_combine/s3_packet_spray_b1024_z0.7_ep0_sd1/hist.csv
exp2_combine,s3_packet_spray_b1024_z0.9_ep0_sd1,3,packet_spray,combine,1024,0.9,1024,8388608,10518.89664,0.0,4.0,10659.9828,10663.9828,5640.679096,5561.491941,5976.69832,10631.16744,10569.95272,10632.0276,5477.347488,5701.792508,,/home/luke/workspace/dyn_latency/results/ub_rg/exp2_combine/s3_packet_spray_b1024_z0.9_ep0_sd1/hist.csv
exp2_combine,s3_packet_spray_b1024_z0_ep0_sd1,3,packet_spray,combine,1024,0.0,1024,8388608,154.68544,0.0,4.0,303.51304,307.51304,198111.890494,154.56513,199.0036,288.6036,154.13192,288.6036,86.659589,191.930135,,/home/luke/workspace/dyn_latency/results/ub_rg/exp2_combine/s3_packet_spray_b1024_z0_ep0_sd1/hist.csv
exp2_combine,s3_packet_spray_b16_z0.3_ep0_sd1,3,packet_spray,combine,16,0.3,1024,131072,13.76256,0.0,4.0,18.80008,22.80008,49974.4733,8.82003,8.76488,16.50632,14.35592,16.9364,5.958895,10.936761,,/home/luke/workspace/dyn_latency/results/ub_rg/exp2_combine/s3_packet_spray_b16_z0.3_ep0_sd1/hist.csv
exp2_combine,s3_packet_spray_b16_z0.7_ep0_sd1,3,packet_spray,combine,16,0.7,1024,131072,87.30624,0.0,4.0,91.62696,95.62696,10253.795346,43.60095,41.16424,89.47656,88.18632,90.19336,40.392909,47.806299,,/home/luke/workspace/dyn_latency/results/ub_rg/exp2_combine/s3_packet_spray_b16_z0.7_ep0_sd1/hist.csv
exp2_combine,s3_packet_spray_b16_z0.9_ep0_sd1,3,packet_spray,combine,16,0.9,1024,131072,165.43744,0.0,4.0,169.47144,173.47144,5543.849135,85.922583,85.0324,167.4644,166.46088,168.32456,84.311247,89.392947,,/home/luke/workspace/dyn_latency/results/ub_rg/exp2_combine/s3_packet_spray_b16_z0.9_ep0_sd1/hist.csv
exp2_combine,s3_packet_spray_b16_z0_ep0_sd1,3,packet_spray,combine,16,0.0,1024,131072,4.3008,0.0,4.0,11.34536,15.34536,82811.30753,5.321794,5.32424,9.62504,3.60392,9.91176,2.331536,6.90198,,/home/luke/workspace/dyn_latency/results/ub_rg/exp2_combine/s3_packet_spray_b16_z0_ep0_sd1/hist.csv
exp2_combine,s3_packet_spray_b256_z0.3_ep0_sd1,3,packet_spray,combine,256,0.3,1024,2097152,206.58176,0.0,4.0,248.4628,252.4628,60501.5541,128.981388,120.29896,234.55688,209.46888,234.8436,112.373574,140.918171,,/home/luke/workspace/dyn_latency/results/ub_rg/exp2_combine/s3_packet_spray_b256_z0.3_ep0_sd1/hist.csv
exp2_combine,s3_packet_spray_b256_z0.7_ep0_sd1,3,packet_spray,combine,256,0.7,1024,2097152,1380.84352,0.0,4.0,1420.71752,1424.71752,10580.840543,744.589501,717.9668,1405.66472,1383.874,1411.25576,726.373828,764.739237,,/home/luke/workspace/dyn_latency/results/ub_rg/exp2_combine/s3_packet_spray_b256_z0.7_ep0_sd1/hist.csv
exp2_combine,s3_packet_spray_b256_z0.9_ep0_sd1,3,packet_spray,combine,256,0.9,1024,2097152,2629.50912,0.0,4.0,2667.23272,2671.23272,5635.948233,1393.119241,1299.14824,2650.88968,2635.12008,2659.20456,1372.838868,1426.151013,,/home/luke/workspace/dyn_latency/results/ub_rg/exp2_combine/s3_packet_spray_b256_z0.9_ep0_sd1/hist.csv
exp2_combine,s3_packet_spray_b256_z0_ep0_sd1,3,packet_spray,combine,256,0.0,1024,2097152,43.86816,0.0,4.0,83.02536,87.02536,181057.757967,40.64504,33.27944,71.98664,42.31112,71.84328,22.82845,50.299885,,/home/luke/workspace/dyn_latency/results/ub_rg/exp2_combine/s3_packet_spray_b256_z0_ep0_sd1/hist.csv
exp2_combine,s3_ub_rg_b1024_z0.3_ep0_sd1,3,ub_rg,combine,1024,0.3,1024,8388608,814.2848,1.1,1.2,829.57808,830.77808,72482.076849,90.185316,127.72875,504.180882,503.835999,136.571528,163.337608,63.172121,,/home/luke/workspace/dyn_latency/results/ub_rg/exp2_combine/s3_ub_rg_b1024_z0.3_ep0_sd1/hist.csv
exp2_combine,s3_ub_rg_b1024_z0.7_ep0_sd1,3,ub_rg,combine,1024,0.7,1024,8388608,5503.44704,1.1,1.2,5535.757497,5536.957497,10862.026051,348.969174,377.203728,4893.098079,4895.914296,86.819696,722.798056,39.513114,,/home/luke/workspace/dyn_latency/results/ub_rg/exp2_combine/s3_ub_rg_b1024_z0.7_ep0_sd1/hist.csv
exp2_combine,s3_ub_rg_b1024_z0.9_ep0_sd1,3,ub_rg,combine,1024,0.9,1024,8388608,10518.89664,1.1,1.2,10572.345769,10573.545769,5687.436209,907.45586,1166.134775,9910.708527,9910.814439,59.165942,1504.712695,28.05941,,/home/luke/workspace/dyn_latency/results/ub_rg/exp2_combine/s3_ub_rg_b1024_z0.9_ep0_sd1/hist.csv
exp2_combine,s3_ub_rg_b1024_z0_ep0_sd1,3,ub_rg,combine,1024,0.0,1024,8388608,161.28,1.1,1.2,166.148427,167.348427,361902.566302,76.793979,120.779378,154.130479,145.43466,152.196507,76.789143,76.742984,,/home/luke/workspace/dyn_latency/results/ub_rg/exp2_combine/s3_ub_rg_b1024_z0_ep0_sd1/hist.csv
exp2_combine,s3_ub_rg_b16_z0.3_ep0_sd1,3,ub_rg,combine,16,0.3,1024,131072,13.76256,1.1,1.2,17.564258,18.764258,53490.67807,3.738076,3.554843,8.40195,11.979038,5.217655,4.734132,3.413515,,/home/luke/workspace/dyn_latency/results/ub_rg/exp2_combine/s3_ub_rg_b16_z0.3_ep0_sd1/hist.csv
exp2_combine,s3_ub_rg_b16_z0.7_ep0_sd1,3,ub_rg,combine,16,0.7,1024,131072,87.30624,1.1,1.2,95.273723,96.473723,9861.314017,7.809025,3.934876,65.880611,79.137157,5.318318,13.502499,3.232664,,/home/luke/workspace/dyn_latency/results/ub_rg/exp2_combine/s3_ub_rg_b16_z0.7_ep0_sd1/hist.csv
exp2_combine,s3_ub_rg_b16_z0.9_ep0_sd1,3,ub_rg,combine,16,0.9,1024,131072,165.43744,1.1,1.2,172.691054,173.891054,5440.490841,16.555962,4.774171,143.91264,153.624053,5.24263,25.840484,3.107141,,/home/luke/workspace/dyn_latency/results/ub_rg/exp2_combine/s3_ub_rg_b16_z0.9_ep0_sd1/hist.csv
exp2_combine,s3_ub_rg_b16_z0_ep0_sd1,3,ub_rg,combine,16,0.0,1024,131072,5.0176,1.1,1.2,7.354278,8.554278,127752.047043,3.530687,3.502083,5.408547,5.450699,5.406753,3.541188,3.531285,,/home/luke/workspace/dyn_latency/results/ub_rg/exp2_combine/s3_ub_rg_b16_z0_ep0_sd1/hist.csv
exp2_combine,s3_ub_rg_b256_z0.3_ep0_sd1,3,ub_rg,combine,256,0.3,1024,2097152,206.58176,1.1,1.2,211.891729,213.091729,70943.710905,24.93114,10.149061,84.479324,84.235766,35.254057,42.60483,18.799934,,/home/luke/workspace/dyn_latency/results/ub_rg/exp2_combine/s3_ub_rg_b256_z0.3_ep0_sd1/hist.csv
exp2_combine,s3_ub_rg_b256_z0.7_ep0_sd1,3,ub_rg,combine,256,0.7,1024,2097152,1380.84352,1.1,1.2,1404.747187,1405.947187,10701.13233,89.705774,11.76267,833.364372,836.859967,23.526779,182.701265,13.598435,,/home/luke/workspace/dyn_latency/results/ub_rg/exp2_combine/s3_ub_rg_b256_z0.7_ep0_sd1/hist.csv
exp2_combine,s3_ub_rg_b256_z0.9_ep0_sd1,3,ub_rg,combine,256,0.9,1024,2097152,2629.50912,1.1,1.2,2654.391452,2655.591452,5663.213512,229.281624,12.684842,2018.45372,2021.641091,16.878644,378.33219,10.70399,,/home/luke/workspace/dyn_latency/results/ub_rg/exp2_combine/s3_ub_rg_b256_z0.9_ep0_sd1/hist.csv
exp2_combine,s3_ub_rg_b256_z0_ep0_sd1,3,ub_rg,combine,256,0.0,1024,2097152,47.45216,1.1,1.2,49.410358,50.610358,304235.51266,21.422707,9.695856,40.662017,39.380863,39.39823,21.447634,21.395617,,/home/luke/workspace/dyn_latency/results/ub_rg/exp2_combine/s3_ub_rg_b256_z0_ep0_sd1/hist.csv
exp3_roundtrip,s1_packet_spray_b256_z0.3_ep128_sd1,1,packet_spray,roundtrip,256,0.3,128,524288,223.92832,0.0,4.0,294.81808,298.81808,12576.536145,63.479529,48.70568,94.72424,126.26344,135.58184,63.8562,65.984632,298.81808,/home/luke/workspace/dyn_latency/results/ub_rg/exp3_roundtrip/s1_packet_spray_b256_z0.3_ep128_sd1/hist.csv
exp3_roundtrip,s1_packet_spray_b256_z0.3_ep32_sd1,1,packet_spray,roundtrip,256,0.3,32,131072,141.35296,0.0,4.0,211.66928,215.66928,4356.3186,52.005493,51.8596,95.01096,98.02152,97.16136,49.520123,55.244407,215.66928,/home/luke/workspace/dyn_latency/results/ub_rg/exp3_roundtrip/s1_packet_spray_b256_z0.3_ep32_sd1/hist.csv
exp3_roundtrip,s1_packet_spray_b256_z0.3_ep64_sd1,1,packet_spray,roundtrip,256,0.3,64,262144,178.05312,0.0,4.0,249.65968,253.65968,7407.75275,57.301589,52.43304,99.1684,112.21416,114.65128,56.330288,60.169364,253.65968,/home/luke/workspace/dyn_latency/results/ub_rg/exp3_roundtrip/s1_packet_spray_b256_z0.3_ep64_sd1/hist.csv
exp3_roundtrip,s1_packet_spray_b256_z0.7_ep128_sd1,1,packet_spray,roundtrip,256,0.7,128,524288,651.42784,0.0,4.0,720.74064,724.74064,5185.436247,125.074405,49.56584,244.39208,324.81704,343.02376,141.833926,116.65621,724.74064,/home/luke/workspace/dyn_latency/results/ub_rg/exp3_roundtrip/s1_packet_spray_b256_z0.7_ep128_sd1/hist.csv
exp3_roundtrip,s1_packet_spray_b256_z0.7_ep32_sd1,1,packet_spray,roundtrip,256,0.7,32,131072,234.3936,0.0,4.0,302.70288,306.70288,3063.303794,66.239639,58.59752,139.73928,141.74632,143.46664,70.528782,66.00322,306.70288,/home/luke/workspace/dyn_latency/results/ub_rg/exp3_roundtrip/s1_packet_spray_b256_z0.7_ep32_sd1/hist.csv
exp3_roundtrip,s1_packet_spray_b256_z0.7_ep64_sd1,1,packet_spray,roundtrip,256,0.7,64,262144,400.6912,0.0,4.0,469.57392,473.57392,3967.803362,89.250122,59.7444,202.24424,211.84936,219.5908,99.610807,85.4104,473.57392,/home/luke/workspace/dyn_latency/results/ub_rg/exp3_roundtrip/s1_packet_spray_b256_z0.7_ep64_sd1/hist.csv
exp3_roundtrip,s1_packet_spray_b256_z0.9_ep128_sd1,1,packet_spray,roundtrip,256,0.9,128,524288,903.31136,0.0,4.0,972.05072,976.05072,3850.3085,166.617985,53.2932,341.01672,446.8164,466.8868,190.00399,147.088123,976.05072,/home/luke/workspace/dyn_latency/results/ub_rg/exp3_roundtrip/s1_packet_spray_b256_z0.9_ep128_sd1/hist.csv
exp3_roundtrip,s1_packet_spray_b256_z0.9_ep32_sd1,1,packet_spray,roundtrip,256,0.9,32,131072,271.6672,0.0,4.0,334.38544,338.38544,2776.490903,72.405487,62.89832,156.22568,157.65928,160.52648,78.927466,69.868856,338.38544,/home/luke/workspace/dyn_latency/results/ub_rg/exp3_roundtrip/s1_packet_spray_b256_z0.9_ep32_sd1/hist.csv
exp3_roundtrip,s1_packet_spray_b256_z0.9_ep64_sd1,1,packet_spray,roundtrip,256,0.9,64,262144,498.8928,0.0,4.0,566.19856,570.19856,3295.42781,106.416017,67.91592,250.98664,257.43784,269.19336,120.877137,97.354893,570.19856,/home/luke/workspace/dyn_latency/results/ub_rg/exp3_roundtrip/s1_packet_spray_b256_z0.9_ep64_sd1/hist.csv
exp3_roundtrip,s1_packet_spray_b256_z0_ep128_sd1,1,packet_spray,roundtrip,256,0.0,128,524288,83.57888,0.0,4.0,155.61552,159.61552,23544.680267,45.125286,48.70568,66.76904,72.6468,71.93,37.131784,49.665884,159.61552,/home/luke/workspace/dyn_latency/results/ub_rg/exp3_roundtrip/s1_packet_spray_b256_z0_ep128_sd1/hist.csv
exp3_roundtrip,s1_packet_spray_b256_z0_ep32_sd1,1,packet_spray,roundtrip,256,0.0,32,131072,81.14176,0.0,4.0,152.03152,156.03152,6021.373733,44.28527,44.97832,71.49992,71.49992,71.49992,36.20865,48.775837,156.03152,/home/luke/workspace/dyn_latency/results/ub_rg/exp3_roundtrip/s1_packet_spray_b256_z0_ep32_sd1/hist.csv
exp3_roundtrip,s1_packet_spray_b256_z0_ep64_sd1,1,packet_spray,roundtrip,256,0.0,64,262144,81.28512,0.0,4.0,153.32176,157.32176,11943.981506,44.639412,44.54824,71.93,72.21672,71.64328,36.508599,49.154295,157.32176,/home/luke/workspace/dyn_latency/results/ub_rg/exp3_roundtrip/s1_packet_spray_b256_z0_ep64_sd1/hist.csv
exp3_roundtrip,s1_ub_rg_b256_z0.3_ep128_sd1,1,ub_rg,roundtrip,256,0.3,128,524288,220.91776,0.6,0.8,228.714604,229.514604,16374.105712,22.541815,16.777068,37.859873,100.529395,32.63209,37.955981,16.547771,229.514604,/home/luke/workspace/dyn_latency/results/ub_rg/exp3_roundtrip/s1_ub_rg_b256_z0.3_ep128_sd1/hist.csv
exp3_roundtrip,s1_ub_rg_b256_z0.3_ep32_sd1,1,ub_rg,roundtrip,256,0.3,32,131072,449.14688,0.6,0.8,546.01375,546.81375,1718.179355,79.805129,75.258866,225.78784,264.136257,127.655097,120.822626,62.962984,546.81375,/home/luke/workspace/dyn_latency/results/ub_rg/exp3_roundtrip/s1_ub_rg_b256_z0.3_ep32_sd1/hist.csv
exp3_roundtrip,s1_ub_rg_b256_z0.3_ep64_sd1,1,ub_rg,roundtrip,256,0.3,64,262144,288.29696,0.6,0.8,357.647168,358.447168,5242.190093,42.053215,29.85026,123.632882,165.395663,64.654333,68.169194,31.645097,358.447168,/home/luke/workspace/dyn_latency/results/ub_rg/exp3_roundtrip/s1_ub_rg_b256_z0.3_ep64_sd1/hist.csv
exp3_roundtrip,s1_ub_rg_b256_z0.7_ep128_sd1,1,ub_rg,roundtrip,256,0.7,128,524288,645.26336,0.6,0.8,656.316797,657.116797,5719.069121,41.983949,16.835001,88.498906,303.172695,23.894374,87.156433,11.238778,657.116797,/home/luke/workspace/dyn_latency/results/ub_rg/exp3_roundtrip/s1_ub_rg_b256_z0.7_ep128_sd1/hist.csv
exp3_roundtrip,s1_ub_rg_b256_z0.7_ep32_sd1,1,ub_rg,roundtrip,256,0.7,32,131072,671.6416,0.6,0.8,926.77791,927.57791,1012.878903,102.190144,75.569728,414.878677,450.616165,102.869084,194.646525,47.1002,927.57791,/home/luke/workspace/dyn_latency/results/ub_rg/exp3_roundtrip/s1_ub_rg_b256_z0.7_ep32_sd1/hist.csv
exp3_roundtrip,s1_ub_rg_b256_z0.7_ep64_sd1,1,ub_rg,roundtrip,256,0.7,64,262144,581.3248,0.6,0.8,779.107876,779.907876,2409.320703,64.717364,29.938679,315.005188,372.602139,47.378629,132.047717,22.033653,779.907876,/home/luke/workspace/dyn_latency/results/ub_rg/exp3_roundtrip/s1_ub_rg_b256_z0.7_ep64_sd1/hist.csv
exp3_roundtrip,s1_ub_rg_b256_z0.9_ep128_sd1,1,ub_rg,roundtrip,256,0.9,128,524288,889.5488,0.6,0.8,894.553227,895.353227,4197.333824,62.924098,18.228045,148.421667,408.730384,19.19895,119.881414,8.865613,895.353227,/home/luke/workspace/dyn_latency/results/ub_rg/exp3_roundtrip/s1_ub_rg_b256_z0.9_ep128_sd1/hist.csv
exp3_roundtrip,s1_ub_rg_b256_z0.9_ep32_sd1,1,ub_rg,roundtrip,256,0.9,32,131072,754.0736,0.6,0.8,1063.25663,1064.05663,882.964374,117.577489,78.189798,484.264917,518.236269,90.618559,225.035361,40.276263,1064.05663,/home/luke/workspace/dyn_latency/results/ub_rg/exp3_roundtrip/s1_ub_rg_b256_z0.9_ep32_sd1/hist.csv
exp3_roundtrip,s1_ub_rg_b256_z0.9_ep64_sd1,1,ub_rg,roundtrip,256,0.9,64,262144,729.98912,0.6,0.8,976.240613,977.040613,1923.203773,84.311375,30.549277,415.225975,469.646856,40.5796,165.948721,18.053264,977.040613,/home/luke/workspace/dyn_latency/results/ub_rg/exp3_roundtrip/s1_ub_rg_b256_z0.9_ep64_sd1/hist.csv
exp3_roundtrip,s1_ub_rg_b256_z0_ep128_sd1,1,ub_rg,roundtrip,256,0.0,128,524288,85.44256,0.6,0.8,89.684938,90.484938,41532.839177,20.350928,16.775224,34.417009,40.578206,39.944329,20.581256,20.337152,90.484938,/home/luke/workspace/dyn_latency/results/ub_rg/exp3_roundtrip/s1_ub_rg_b256_z0_ep128_sd1/hist.csv
exp3_roundtrip,s1_ub_rg_b256_z0_ep32_sd1,1,ub_rg,roundtrip,256,0.0,32,131072,310.23104,0.6,0.8,314.20063,315.00063,2982.610215,75.388399,75.263252,149.530182,150.737536,149.489108,75.499675,75.369901,315.00063,/home/luke/workspace/dyn_latency/results/ub_rg/exp3_roundtrip/s1_ub_rg_b256_z0_ep32_sd1/hist.csv
exp3_roundtrip,s1_ub_rg_b256_z0_ep64_sd1,1,ub_rg,roundtrip,256,0.0,64,262144,163.4304,0.6,0.8,168.736931,169.536931,11083.415154,38.70577,29.851243,76.333967,77.173187,76.986834,38.821427,38.70184,169.536931,/home/luke/workspace/dyn_latency/results/ub_rg/exp3_roundtrip/s1_ub_rg_b256_z0_ep64_sd1/hist.csv
exp3_roundtrip,s2_packet_spray_b256_z0.3_ep1024_sd1,2,packet_spray,roundtrip,256,0.3,1024,4194304,416.60416,0.0,8.0,494.63184,502.63184,59814.696721,94.919552,45.17832,122.59272,127.46696,67.8292,97.021561,96.793761,502.63184,/home/luke/workspace/dyn_latency/results/ub_rg/exp3_roundtrip/s2_packet_spray_b256_z0.3_ep1024_sd1/hist.csv
exp3_roundtrip,s2_packet_spray_b256_z0.3_ep256_sd1,2,packet_spray,roundtrip,256,0.3,256,1048576,274.24768,0.0,8.0,346.82768,354.82768,21182.656235,79.964988,45.46504,89.3332,140.79944,68.83272,77.112034,82.542933,354.82768,/home/luke/workspace/dyn_latency/results/ub_rg/exp3_roundtrip/s2_packet_spray_b256_z0.3_ep256_sd1/hist.csv
exp3_roundtrip,s2_packet_spray_b256_z0.7_ep1024_sd1,2,packet_spray,roundtrip,256,0.7,1024,4194304,2788.20864,0.0,8.0,2863.51248,2871.51248,10470.01233,437.739778,50.05256,873.65576,863.76392,54.21,479.285914,405.156835,2871.51248,/home/luke/workspace/dyn_latency/results/ub_rg/exp3_roundtrip/s2_packet_spray_b256_z0.7_ep1024_sd1/hist.csv
exp3_roundtrip,s2_packet_spray_b256_z0.7_ep256_sd1,2,packet_spray,roundtrip,256,0.7,256,1048576,1050.97216,0.0,8.0,1122.692,1130.692,6647.427211,207.998089,47.47208,234.41352,509.52136,546.6516,218.502407,198.638279,1130.692,/home/luke/workspace/dyn_latency/results/ub_rg/exp3_roundtrip/s2_packet_spray_b256_z0.7_ep256_sd1/hist.csv
exp3_roundtrip,s2_packet_spray_b256_z0.9_ep1024_sd1,2,packet_spray,roundtrip,256,0.9,1024,4194304,5288.12032,0.0,8.0,5360.27024,5368.27024,5600.457825,835.046869,58.08072,2073.00552,2049.0644,48.04552,903.989911,734.134809,5368.27024,/home/luke/workspace/dyn_latency/results/ub_rg/exp3_roundtrip/s2_packet_spray_b256_z0.9_ep1024_sd1/hist.csv
exp3_roundtrip,s2_packet_spray_b256_z0.9_ep256_sd1,2,packet_spray,roundtrip,256,0.9,256,1048576,1625.98912,0.0,8.0,1696.8488,1704.8488,4408.715171,308.072116,55.35688,417.48424,611.73704,828.92744,324.982155,284.313399,1704.8488,/home/luke/workspace/dyn_latency/results/ub_rg/exp3_roundtrip/s2_packet_spray_b256_z0.9_ep256_sd1/hist.csv
exp3_roundtrip,s2_packet_spray_b256_z0_ep1024_sd1,2,packet_spray,roundtrip,256,0.0,1024,4194304,90.89024,0.0,8.0,166.33744,174.33744,172451.603465,48.926394,44.74824,77.29096,76.28744,76.14408,40.044277,53.715651,174.33744,/home/luke/workspace/dyn_latency/results/ub_rg/exp3_roundtrip/s2_packet_spray_b256_z0_ep1024_sd1/hist.csv
exp3_roundtrip,s2_packet_spray_b256_z0_ep256_sd1,2,packet_spray,roundtrip,256,0.0,256,1048576,84.86912,0.0,8.0,159.88624,167.88624,44769.558053,49.545501,45.46504,74.2804,76.86088,71.55656,40.567031,54.281956,167.88624,/home/luke/workspace/dyn_latency/results/ub_rg/exp3_roundtrip/s2_packet_spray_b256_z0_ep256_sd1/hist.csv
exp3_roundtrip,s2_ub_rg_b256_z0.3_ep1024_sd1,2,ub_rg,roundtrip,256,0.3,1024,4194304,416.4608,1.1,2.4,423.885214,426.285214,70527.360694,26.929663,17.019743,84.200639,84.105726,37.333919,44.757639,19.918735,426.285214,/home/luke/workspace/dyn_latency/results/ub_rg/exp3_roundtrip/s2_ub_rg_b256_z0.3_ep1024_sd1/hist.csv
exp3_roundtrip,s2_ub_rg_b256_z0.3_ep256_sd1,2,ub_rg,roundtrip,256,0.3,256,1048576,271.6672,1.1,2.4,278.229612,280.629612,26783.320257,24.3488,12.161908,49.27501,118.916069,33.955434,40.593732,18.195447,280.629612,/home/luke/workspace/dyn_latency/results/ub_rg/exp3_roundtrip/s2_ub_rg_b256_z0.3_ep256_sd1/hist.csv
exp3_roundtrip,s2_ub_rg_b256_z0.7_ep1024_sd1,2,ub_rg,roundtrip,256,0.7,1024,4194304,2783.62112,1.1,2.4,2809.639233,2812.039233,10691.447944,90.216101,14.539256,835.162313,835.300015,22.036724,183.237746,13.157717,2812.039233,/home/luke/workspace/dyn_latency/results/ub_rg/exp3_roundtrip/s2_ub_rg_b256_z0.7_ep1024_sd1/hist.csv
exp3_roundtrip,s2_ub_rg_b256_z0.7_ep256_sd1,2,ub_rg,roundtrip,256,0.7,256,1048576,1041.79712,1.1,2.4,1051.504908,1053.904908,7131.756111,54.485682,11.989346,195.829447,434.316702,24.397614,111.512834,12.561745,1053.904908,/home/luke/workspace/dyn_latency/results/ub_rg/exp3_roundtrip/s2_ub_rg_b256_z0.7_ep256_sd1/hist.csv
exp3_roundtrip,s2_ub_rg_b256_z0.9_ep1024_sd1,2,ub_rg,roundtrip,256,0.9,1024,4194304,5281.95584,1.1,2.4,5308.952617,5311.352617,5660.473563,229.456961,12.716788,2021.850379,2021.990909,14.831402,378.6516,9.689473,5311.352617,/home/luke/workspace/dyn_latency/results/ub_rg/exp3_roundtrip/s2_ub_rg_b256_z0.9_ep1024_sd1/hist.csv
exp3_roundtrip,s2_ub_rg_b256_z0.9_ep256_sd1,2,ub_rg,roundtrip,256,0.9,256,1048576,1605.05856,1.1,2.4,1614.518651,1616.918651,4648.466862,95.635937,11.821407,381.846162,381.775856,22.083964,172.067665,9.937219,1616.918651,/home/luke/workspace/dyn_latency/results/ub_rg/exp3_roundtrip/s2_ub_rg_b256_z0.9_ep256_sd1/hist.csv
exp3_roundtrip,s2_ub_rg_b256_z0_ep1024_sd1,2,ub_rg,roundtrip,256,0.0,1024,4194304,93.61408,1.1,2.4,109.234357,111.634357,269314.678304,24.427885,17.729595,49.592097,48.414577,47.543655,24.547657,24.392559,111.634357,/home/luke/workspace/dyn_latency/results/ub_rg/exp3_roundtrip/s2_ub_rg_b256_z0_ep1024_sd1/hist.csv
exp3_roundtrip,s2_ub_rg_b256_z0_ep256_sd1,2,ub_rg,roundtrip,256,0.0,256,1048576,88.73984,1.1,2.4,95.77723,98.17723,76557.393224,21.896305,12.208133,39.060317,42.198358,36.362459,22.024927,21.860248,98.17723,/home/luke/workspace/dyn_latency/results/ub_rg/exp3_roundtrip/s2_ub_rg_b256_z0_ep256_sd1/hist.csv
exp3_roundtrip,s3_packet_spray_b256_z0.3_ep1024_sd1,3,packet_spray,roundtrip,256,0.3,1024,4194304,416.60416,0.0,8.0,494.63184,502.63184,59814.696721,94.919552,45.17832,122.59272,127.46696,67.8292,97.021561,96.793761,502.63184,/home/luke/workspace/dyn_latency/results/ub_rg/exp3_roundtrip/s3_packet_spray_b256_z0.3_ep1024_sd1/hist.csv
exp3_roundtrip,s3_packet_spray_b256_z0.3_ep256_sd1,3,packet_spray,roundtrip,256,0.3,256,1048576,274.24768,0.0,8.0,346.82768,354.82768,21182.656235,79.964988,45.46504,89.3332,140.79944,68.83272,77.112034,82.542933,354.82768,/home/luke/workspace/dyn_latency/results/ub_rg/exp3_roundtrip/s3_packet_spray_b256_z0.3_ep256_sd1/hist.csv
exp3_roundtrip,s3_packet_spray_b256_z0.7_ep1024_sd1,3,packet_spray,roundtrip,256,0.7,1024,4194304,2788.20864,0.0,8.0,2863.51248,2871.51248,10470.01233,437.739778,50.05256,873.65576,863.76392,54.21,479.285914,405.156835,2871.51248,/home/luke/workspace/dyn_latency/results/ub_rg/exp3_roundtrip/s3_packet_spray_b256_z0.7_ep1024_sd1/hist.csv
exp3_roundtrip,s3_packet_spray_b256_z0.7_ep256_sd1,3,packet_spray,roundtrip,256,0.7,256,1048576,1050.97216,0.0,8.0,1122.692,1130.692,6647.427211,207.998089,47.47208,234.41352,509.52136,546.6516,218.502407,198.638279,1130.692,/home/luke/workspace/dyn_latency/results/ub_rg/exp3_roundtrip/s3_packet_spray_b256_z0.7_ep256_sd1/hist.csv
exp3_roundtrip,s3_packet_spray_b256_z0.9_ep1024_sd1,3,packet_spray,roundtrip,256,0.9,1024,4194304,5288.12032,0.0,8.0,5360.27024,5368.27024,5600.457825,835.046869,58.08072,2073.00552,2049.0644,48.04552,903.989911,734.134809,5368.27024,/home/luke/workspace/dyn_latency/results/ub_rg/exp3_roundtrip/s3_packet_spray_b256_z0.9_ep1024_sd1/hist.csv
exp3_roundtrip,s3_packet_spray_b256_z0.9_ep256_sd1,3,packet_spray,roundtrip,256,0.9,256,1048576,1625.98912,0.0,8.0,1696.8488,1704.8488,4408.715171,308.072116,55.35688,417.48424,611.73704,828.92744,324.982155,284.313399,1704.8488,/home/luke/workspace/dyn_latency/results/ub_rg/exp3_roundtrip/s3_packet_spray_b256_z0.9_ep256_sd1/hist.csv
exp3_roundtrip,s3_packet_spray_b256_z0_ep1024_sd1,3,packet_spray,roundtrip,256,0.0,1024,4194304,90.89024,0.0,8.0,166.33744,174.33744,172451.603465,48.926394,44.74824,77.29096,76.28744,76.14408,40.044277,53.715651,174.33744,/home/luke/workspace/dyn_latency/results/ub_rg/exp3_roundtrip/s3_packet_spray_b256_z0_ep1024_sd1/hist.csv
exp3_roundtrip,s3_packet_spray_b256_z0_ep256_sd1,3,packet_spray,roundtrip,256,0.0,256,1048576,84.86912,0.0,8.0,159.88624,167.88624,44769.558053,49.545501,45.46504,74.2804,76.86088,71.55656,40.567031,54.281956,167.88624,/home/luke/workspace/dyn_latency/results/ub_rg/exp3_roundtrip/s3_packet_spray_b256_z0_ep256_sd1/hist.csv
exp3_roundtrip,s3_ub_rg_b256_z0.3_ep1024_sd1,3,ub_rg,roundtrip,256,0.3,1024,4194304,416.4608,1.1,2.4,423.885214,426.285214,70527.360694,26.929663,17.019743,84.200639,84.105726,37.333919,44.757639,19.918735,426.285214,/home/luke/workspace/dyn_latency/results/ub_rg/exp3_roundtrip/s3_ub_rg_b256_z0.3_ep1024_sd1/hist.csv
exp3_roundtrip,s3_ub_rg_b256_z0.3_ep256_sd1,3,ub_rg,roundtrip,256,0.3,256,1048576,271.6672,1.1,2.4,278.229612,280.629612,26783.320257,24.3488,12.161908,49.27501,118.916069,33.955434,40.593732,18.195447,280.629612,/home/luke/workspace/dyn_latency/results/ub_rg/exp3_roundtrip/s3_ub_rg_b256_z0.3_ep256_sd1/hist.csv
exp3_roundtrip,s3_ub_rg_b256_z0.7_ep1024_sd1,3,ub_rg,roundtrip,256,0.7,1024,4194304,2783.62112,1.1,2.4,2809.639233,2812.039233,10691.447944,90.216101,14.539256,835.162313,835.300015,22.036724,183.237746,13.157717,2812.039233,/home/luke/workspace/dyn_latency/results/ub_rg/exp3_roundtrip/s3_ub_rg_b256_z0.7_ep1024_sd1/hist.csv
exp3_roundtrip,s3_ub_rg_b256_z0.7_ep256_sd1,3,ub_rg,roundtrip,256,0.7,256,1048576,1041.79712,1.1,2.4,1051.504908,1053.904908,7131.756111,54.485682,11.989346,195.829447,434.316702,24.397614,111.512834,12.561745,1053.904908,/home/luke/workspace/dyn_latency/results/ub_rg/exp3_roundtrip/s3_ub_rg_b256_z0.7_ep256_sd1/hist.csv
exp3_roundtrip,s3_ub_rg_b256_z0.9_ep1024_sd1,3,ub_rg,roundtrip,256,0.9,1024,4194304,5281.95584,1.1,2.4,5308.952617,5311.352617,5660.473563,229.456961,12.716788,2021.850379,2021.990909,14.831402,378.6516,9.689473,5311.352617,/home/luke/workspace/dyn_latency/results/ub_rg/exp3_roundtrip/s3_ub_rg_b256_z0.9_ep1024_sd1/hist.csv
exp3_roundtrip,s3_ub_rg_b256_z0.9_ep256_sd1,3,ub_rg,roundtrip,256,0.9,256,1048576,1605.05856,1.1,2.4,1614.518651,1616.918651,4648.466862,95.635937,11.821407,381.846162,381.775856,22.083964,172.067665,9.937219,1616.918651,/home/luke/workspace/dyn_latency/results/ub_rg/exp3_roundtrip/s3_ub_rg_b256_z0.9_ep256_sd1/hist.csv
exp3_roundtrip,s3_ub_rg_b256_z0_ep1024_sd1,3,ub_rg,roundtrip,256,0.0,1024,4194304,93.61408,1.1,2.4,109.234357,111.634357,269314.678304,24.427885,17.729595,49.592097,48.414577,47.543655,24.547657,24.392559,111.634357,/home/luke/workspace/dyn_latency/results/ub_rg/exp3_roundtrip/s3_ub_rg_b256_z0_ep1024_sd1/hist.csv
exp3_roundtrip,s3_ub_rg_b256_z0_ep256_sd1,3,ub_rg,roundtrip,256,0.0,256,1048576,88.73984,1.1,2.4,95.77723,98.17723,76557.393224,21.896305,12.208133,39.060317,42.198358,36.362459,22.024927,21.860248,98.17723,/home/luke/workspace/dyn_latency/results/ub_rg/exp3_roundtrip/s3_ub_rg_b256_z0_ep256_sd1/hist.csv
